,City,County,State,Full Address,Latitude,Longitude,Country,FIPS,,,,,,,NUMBER OF ARTICLES
NON-NATIVE: NEWSBANK,,,,   ,   ,   ,,,,,,,,,
WA,,,,   ,   ,   ,,,,,,,,,
ABC - 4 KOMO,"Seattle, Tacoma","King, Pierce",WA,"Seattle, Tacoma King, Pierce WA ",47.2551307,-122.4419643,USA,,Daily,No,Transcript,English,1/26/2007,Full Text,0
Anacortes American,Anacortes,Skagit,WA,Anacortes Skagit WA ,48.5126045,-122.6126718,USA,,Weekly,Yes,Newspaper,English,8/3/2010,Full Text,4
Arlington Times,Arlington,Snohomish,WA,Arlington Snohomish WA ,48.1987118,-122.1251418,USA,,Weekly,Yes,Newspaper,English,10/4/2006,Full Text,1
Associated Press State Wire: Washington,,,WA,  WA ,47.2551307,-122.4419643,USA,,Daily,No,Newswire,English,12/31/2010,Full Text,10
Auburn Reporter,Auburn,KING,WA,Auburn KING WA ,47.3073228,-122.2284532,USA,,Weekly,Yes,Newspaper,English,3/26/2008,Full Text,8
"B-Town Blog, The",Burien,King,WA,Burien King WA ,47.4668384,-122.3405305,USA,,Daily,Yes,Web-Only Source,English,1/2/2009,Full Text,0
Bainbridge Island Review,Bainbridge Island,Kitsap,WA,Bainbridge Island Kitsap WA ,47.6248791,-122.5210008,USA,,Weekly,Yes,Newspaper,English,10/14/1999,Full Text,0
Basin Business Journal Farm News,Moses Lake,GRANT,WA,Moses Lake GRANT WA ,47.1301417,-119.2780771,USA,,Monthly,Yes,Magazine,English,2/1/2020,Full Text,0
Bellevue Reporter,Bellevue,King,WA,Bellevue King WA ,47.6101497,-122.2015159,USA,,Weekly,Yes,Newspaper,English,6/5/2009,Full Text,6
"Bellingham Business Journal, The",Bellingham,WHATCOM,WA,Bellingham WHATCOM WA ,48.7519112,-122.4786854,USA,,Monthly,Yes,Journal,English,4/1/2005,Full Text,0
"Bellingham Herald Today's Edition, The",Bellingham,Whatcom,WA,Bellingham Whatcom WA ,48.7519112,-122.4786854,USA,,Daily,Yes,Newspaper: Image Edition,English,6/7/2024,Full Text,4
"Bellingham Herald, The",Bellingham,Whatcom,WA,Bellingham Whatcom WA ,48.7519112,-122.4786854,USA,,Weekly,Yes,Newspaper,English,9/4/1999,Full Text,40
"Bellingham Herald, The",Bellingham,Whatcom,WA,Bellingham Whatcom WA ,48.7519112,-122.4786854,USA,,Weekly,Yes,Newspaper: Image Edition,English,1/1/2019,Full Text,15
"Bellingham Herald, The: Blogs",Bellingham,Whatcom,WA,Bellingham Whatcom WA ,48.7519112,-122.4786854,USA,,Weekly,Yes,Blog,English,9/14/2007,Full Text,0
"Bellingham Herald, The: Video",Bellingham,Whatcom,WA,Bellingham Whatcom WA ,48.7519112,-122.4786854,USA,,Daily,Yes,Video,English,3/24/2023,Full Video Feed,0
"Bellingham Herald, The: Video Transcripts",Bellingham,Whatcom,WA,Bellingham Whatcom WA ,48.7519112,-122.4786854,USA,,Daily,Yes,Transcript,English,4/17/2019,Full Text,0
"Bellingham Herald, The: Web Edition Articles",Bellingham,Whatcom,WA,Bellingham Whatcom WA ,48.7519112,-122.4786854,USA,,Daily,Yes,Web-Only Source,English,6/3/2009,Full Text,2
Bonney Lake & Sumner Courier-Herald,Bonney Lake,Pierce,WA,Bonney Lake Pierce WA ,47.1770777,-122.1868601,USA,,Weekly,Yes,Newspaper,English,11/18/2008,Full Text,0
Bothell-Kenmore Reporter,"Bothell, Kenmore",KING,WA,"Bothell, Kenmore KING WA ",47.7583576,-122.2496863,USA,,Bi-Weekly,Yes,Newspaper,English,4/9/2008,Full Text,6
Bremerton Patriot,Bremerton,Kitsap,WA,Bremerton Kitsap WA ,47.5650067,-122.6269768,USA,,Weekly,Yes,Newspaper,English,2/22/2002,Full Text,0
Buccaneer: Peninsula College,Port Angeles,Clallam,WA,Port Angeles Clallam WA ,48.118146,-123.4307413,USA,,Bi-Monthly,No,College/University Newspaper,English,1/28/2016,Full Text,0
Camas-Washougal Post-Record,Camas,Clark,WA,Camas Clark WA ,45.5856983,-122.4026689,USA,,Weekly,Yes,Newspaper,English,6/11/2010,Full Text,0
Capitol Hill Times,Seattle,KING,WA,Seattle KING WA ,47.5983889,-122.3299086,USA,,Weekly,Yes,Newspaper,English,1/17/2012,Full Text,1
Cascade PBS,Seattle,King,WA,Seattle King WA ,47.5983889,-122.3299086,USA,,Daily,Yes,Web-Only Source,English,8/6/2024,Full Text,0
Cascadia Daily News,Bellingham,Whatcom,WA,Bellingham Whatcom WA ,48.7519112,-122.4786854,USA,,Daily,Yes,Newspaper,English,1/23/2022,Full Text,8
Cascadia Daily News,Bellingham,Whatcom,WA,Bellingham Whatcom WA ,48.7519112,-122.4786854,USA,,Weekly,Yes,Newspaper: Image Edition,English,10/12/2022,Full Text,4
Cashmere Valley Record,Cashmere,Chelan,WA,Cashmere Chelan WA ,47.5221234,-120.4698862,USA,,Weekly,Yes,Newspaper,English,8/1/2012,Full Text,1
CBS - 2 KREM,Spokane,Spokane,WA,Spokane Spokane WA ,47.6579711,-117.4235319,USA,,Daily,Yes,Web-Only Source,English,8/1/2009,Full Text,14
CBS - 7 KIRO,"Seattle, Tacoma","King, Pierce",WA,"Seattle, Tacoma King, Pierce WA ",47.2551307,-122.4419643,USA,,Daily,No,Transcript,English,1/26/2007,Full Text,0
CBS - 7 KIRO: Web Edition Articles,"Seattle, Tacoma","King, Pierce",WA,"Seattle, Tacoma King, Pierce WA ",47.2551307,-122.4419643,USA,,Daily,Yes,Web-Only Source,English,5/4/2013,Full Text,4
"Center Square Washington, The",,,WA,  WA ,47.2551307,-122.4419643,USA,,Weekly,Yes,Web-Only Source,English,1/6/2020,Full Text,0
Central Kitsap Reporter,Silverdale,Kitsap,WA,Silverdale Kitsap WA ,47.6445386,-122.6948697,USA,,Weekly,Yes,Newspaper,English,9/7/1999,Full Text,0
Chinook Observer,Long Beach,Pacific,WA,Long Beach Pacific WA ,46.3523219,-124.0543234,USA,,Weekly,Yes,Newspaper,English,8/5/2002,Full Text,1
"Chronicle, The",Centralia,Lewis,WA,Centralia Lewis WA ,46.7162136,-122.9542972,USA,,Daily,Yes,Newspaper,English,10/31/2002,Full Text,11
City Living Seattle,Seattle,KING,WA,Seattle KING WA ,47.5983889,-122.3299086,USA,,Monthly,Yes,Newspaper,English,6/18/2001,Full Text,1
Columbia Basin Herald,Moses Lake,GRANT,WA,Moses Lake GRANT WA ,47.1301417,-119.2780771,USA,,Daily,No,Newspaper,English,4/6/2004,Full Text,6
"Columbian, The",Vancouver,Clark,WA,Vancouver Clark WA ,45.6809635,-122.5970739,USA,,Daily,No,Newspaper,English,6/1/1994,Full Text,18
"Communicator, The: Spokane Falls Community College",Spokane,Spokane,WA,Spokane Spokane WA ,47.6579711,-117.4235319,USA,,Bi-Weekly,No,College/University Newspaper,English,3/10/2016,Full Text,0
Crescent Bar Chronicle,Quincy,Grant,WA,Quincy Grant WA ,47.2342997,-119.8525504,USA,,Weekly,Yes,Newspaper,English,5/12/2011,Full Text,0
Crosscut.com,Seattle,King,WA,Seattle King WA ,47.5983889,-122.3299086,USA,,Daily,Yes,Web-Only Source,English,4/1/2007,Full Text,10
"Daily Evergreen, The: Washington State University",Pullman,Whitman,WA,Pullman Whitman WA ,46.7297771,-117.1817377,USA,,Daily,No,College/University Newspaper,English,9/19/2012,Full Text,4
"Daily Herald, The",Everett,Snohomish,WA,Everett Snohomish WA ,47.9782457,-122.207417,USA,,Daily,Yes,Newspaper,English,8/16/2005,Full Text,17
"Daily News, The",Longview,COWLITZ,WA,Longview COWLITZ WA ,46.1381676,-122.9381672,USA,,Daily,Yes,Newspaper,English,11/2/2000,Full Text,12
"Daily News, The",Longview,COWLITZ,WA,Longview COWLITZ WA ,46.1381676,-122.9381672,USA,,Daily,No,Newspaper: Image Edition,English,5/10/2024,Full Text,2
Daily Record,Ellensburg,Kittitas,WA,Ellensburg Kittitas WA ,46.9965144,-120.5478474,USA,,Daily,Yes,Newspaper,English,1/4/2000,Full Text,1
Daily Record,Ellensburg,Kittitas,WA,Ellensburg Kittitas WA ,46.9965144,-120.5478474,USA,,Daily,Yes,Newspaper: Image Edition,English,3/5/2024,Full Text,0
"Daily World, The",Aberdeen,Grays Harbor,WA,Aberdeen Grays Harbor WA ,46.9753708,-123.8157218,USA,,Daily,Yes,Newspaper,English,1/20/2005,Full Text,6
Deer Park Tribune,Deer Park,Spokane,WA,Deer Park Spokane WA ,47.9543375,-117.476891,USA,,Weekly,Yes,Newspaper,English,2/4/2009,Full Text,0
Douglas County Empire Press,East Wenatchee,Douglas,WA,East Wenatchee Douglas WA ,47.4156824,-120.2931263,USA,,Weekly,Yes,Newspaper,English,12/9/2010,Full Text,2
"Easterner, The: Eastern Washington University",Cheney,Spokane,WA,Cheney Spokane WA ,47.4868989,-117.5759469,USA,,Weekly,No,College/University Newspaper,English,04/29/2013,Full Text,0
Eastside Journal,Bellevue,King,WA,Bellevue King WA ,47.6101497,-122.2015159,USA,,Daily,No,Newspaper,English,12/3/1999,Full Text,0
Enumclaw Courier-Herald,Enumclaw,KING,WA,Enumclaw KING WA ,47.2042681,-121.9915003,USA,,Weekly,Yes,Newspaper,English,2/5/2003,Full Text,6
"Falcon, The: Seattle Pacific University",Seattle,King,WA,Seattle King WA ,47.5983889,-122.3299086,USA,,Weekly,Yes,College/University Newspaper,English,10/9/2013,Full Text,2
Federal Way Mirror,Federal Way,"King, Pierce",WA,"Federal Way King, Pierce WA ",47.3224006,-122.3134186,USA,,Weekly,Yes,Newspaper,English,6/7/2000,Full Text,7
Foothills ,Wenatchee,"Chelan, Douglas",WA,"Wenatchee Chelan, Douglas WA ",47.4234599,-120.3103494,USA,,Monthly,Yes,Magazine,English,3/7/2018,Full Text,0
Forks Forum,Forks,CLALLAM,WA,Forks CLALLAM WA ,47.950355,-124.3854867,USA,,Weekly,Yes,Newspaper,English,11/18/2010,Full Text,0
FOX - 13 KCPQ,"Seattle, Tacoma","King, Pierce",WA,"Seattle, Tacoma King, Pierce WA ",47.2551307,-122.4419643,USA,,Daily,No,Transcript,English,1/23/2007,Full Text,0
FOX - 13 KCPQ,"Seattle, Tacoma","King, Pierce",WA,"Seattle, Tacoma King, Pierce WA ",47.2551307,-122.4419643,USA,,Daily,No,Web-Only Source,English,2/16/2011,Full Text,0
"Herald Business Journal, The",Everett,Snohomish,WA,Everett Snohomish WA ,47.9782457,-122.207417,USA,,Monthly,Yes,Journal,English,1/1/2007,Full Text,0
i Love Kent,Kent,King,WA,Kent King WA ,47.3815271,-122.2374262,USA,,Daily,Yes,Web-Only Source,English,1/5/2016,Full Text,0
Independent - 2 NWCN,"Seattle, Tacoma","King, Pierce",WA,"Seattle, Tacoma King, Pierce WA ",47.2551307,-122.4419643,USA,,Daily,No,Transcript,English,1/28/2007,Full Text,0
International Examiner,Seattle,King,WA,Seattle King WA ,47.5983889,-122.3299086,USA,,Bi-Weekly,Yes,Newspaper,English,2/18/2009,Full Text,0
"Islands' Sounder, The",Eastsound,SAN JUAN,WA,Eastsound SAN JUAN WA ,48.696654,-122.9061069,USA,,Weekly,Yes,Newspaper,English,10/2/2001,Full Text,0
"Islands' Weekly, The",Lopez Island,SAN JUAN,WA,Lopez Island SAN JUAN WA ,48.4869178,-122.8955117,USA,,Weekly,Yes,Newspaper,English,12/23/2001,Full Text,0
Issaquah & Sammamish Reporter,Issaquah,KING,WA,Issaquah KING WA ,47.5300699,-122.0329148,USA,,Weekly,Yes,Newspaper,English,4/4/2008,Full Text,6
Journal of the San Juan Islands,Friday Harbor,SAN JUAN,WA,Friday Harbor SAN JUAN WA ,48.5342662,-123.0171242,USA,,Weekly,Yes,Newspaper,English,5/13/2008,Full Text,0
Kent Reporter,Kent,King,WA,Kent King WA ,47.3815271,-122.2374262,USA,,Weekly,Yes,Newspaper,English,4/2/2008,Full Text,10
King County Journal,Bellevue,King,WA,Bellevue King WA ,47.6101497,-122.2015159,USA,,Daily,Yes,Newspaper,English,12/3/1999,Full Text,0
Kingston Community News,Kingston,Kitsap,WA,Kingston Kitsap WA ,47.7987072,-122.4981921,USA,,Monthly,Yes,Newspaper,English,4/30/2007,Full Text,0
Kirkland Reporter,Kirkland,King,WA,Kirkland King WA ,47.6768927,-122.2059833,USA,,Weekly,Yes,Newspaper,English,4/9/2008,Full Text,6
Kitsap Daily News,Poulsbo,Kitsap,WA,Poulsbo Kitsap WA ,47.735928,-122.6465372,USA,,Daily,Yes,Web-Only Source,English,11/3/2016,Full Text,2
Kitsap Military Times,Naval Base Kitsap,Kitsap,WA,Naval Base Kitsap Kitsap WA ,47.72215,-122.7181033,USA,,Monthly,Yes,Magazine,English,3/23/2012,Full Text,0
Kitsap Navy News,Naval Base Kitsap,Kitsap,WA,Naval Base Kitsap Kitsap WA ,47.72215,-122.7181033,USA,,Weekly,Yes,Newspaper,English,3/31/2011,Full Text,0
La Raza del Noroeste,Everett,Snohomish,WA,Everett Snohomish WA ,47.9782457,-122.207417,USA,,Weekly,Yes,Newspaper,Spanish,11/14/2008,Full Text,0
Lake Chelan Mirror,Chelan,Chelan,WA,Chelan Chelan WA ,47.8408323,-120.0168079,USA,,Weekly,Yes,Newspaper,English,8/1/2012,Full Text,1
"Leavenworth Echo, The",Leavenworth,Chelan,WA,Leavenworth Chelan WA ,47.5962326,-120.6614765,USA,,Weekly,Yes,Newspaper,English,9/5/2007,Full Text,1
Lynnwood Today,Lynnwood,Snohomish,WA,Lynnwood Snohomish WA ,47.8209301,-122.3151313,USA,,Daily,Yes,Web-Only Source,English,3/20/2010,Full Text,4
Madison Park Times,Seattle,King,WA,Seattle King WA ,47.5983889,-122.3299086,USA,,Monthly,Yes,Newspaper,English,6/18/2001,Full Text,0
Maple Valley & Covington Reporter,"Maple Valley, Covington",King,WA,"Maple Valley, Covington King WA ",47.3595592,-122.118012,USA,,Weekly,Yes,Newspaper,English,4/5/2008,Full Text,6
Marysville Globe,Marysville,Snohomish,WA,Marysville Snohomish WA ,48.0517637,-122.1770818,USA,,Weekly,Yes,Newspaper,English,10/4/2006,Full Text,1
Mercer Island Reporter,Mercer Island,"KING, Pierce",WA,"Mercer Island KING, Pierce WA ",47.5706548,-122.2220673,USA,,Weekly,Yes,Newspaper,English,1/6/2005,Full Text,6
MLTnews,Mountlake Terrace,Snohomish,WA,Mountlake Terrace Snohomish WA ,47.7881528,-122.3087405,USA,,Daily,Yes,Web-Only Source,English,5/27/2009,Full Text,3
My Edmonds News,Edmonds,Snohomish,WA,Edmonds Snohomish WA ,47.8111602,-122.3769102,USA,,Daily,Yes,Web-Only Source,English,10/27/2009,Full Text,3
NBC - 5 KING,"Seattle, Tacoma","King, Pierce",WA,"Seattle, Tacoma King, Pierce WA ",47.2551307,-122.4419643,USA,,Daily,Yes,Web-Only Source,English,8/10/2009,Full Text,25
NBC - 5 KING,"Seattle, Tacoma","King, Pierce",WA,"Seattle, Tacoma King, Pierce WA ",47.2551307,-122.4419643,USA,,Daily,No,Transcript,English,1/25/2007,Full Text,0
New City Collegian: Seattle Central Community College,Seattle,King,WA,Seattle King WA ,47.5983889,-122.3299086,USA,,Weekly,No,Blog,English,10/6/2013,Full Text,1
"News Tribune Today's Edition, The",Tacoma,Pierce,WA,Tacoma Pierce WA ,47.2551307,-122.4419643,USA,,Daily,Yes,Newspaper: Image Edition,English,7/10/2024,Full Text,4
"News Tribune, The",Tacoma,Pierce,WA,Tacoma Pierce WA ,47.2551307,-122.4419643,USA,,Weekly,Yes,Newspaper,English,1/1/1992,Full Text,0
"News Tribune, The",Tacoma,Pierce,WA,Tacoma Pierce WA ,47.2551307,-122.4419643,USA,,Weekly,Yes,Newspaper: Image Edition,English,1/1/2019,Full Text,43
"News Tribune, The: Blogs",Tacoma,Pierce,WA,Tacoma Pierce WA ,47.2551307,-122.4419643,USA,,Daily,Yes,Blog,English,3/16/2006,Full Text,0
"News Tribune, The: Video",Tacoma,Pierce,WA,Tacoma Pierce WA ,47.2551307,-122.4419643,USA,,Daily,Yes,Video,English,6/22/2023,Full Video Feed,0
"News Tribune, The: Video Transcripts",Tacoma,Pierce,WA,Tacoma Pierce WA ,47.2551307,-122.4419643,USA,,Daily,Yes,Transcript,English,5/6/2019,Full Text,0
"News Tribune, The: Web Edition Articles",Tacoma,Pierce,WA,Tacoma Pierce WA ,47.2551307,-122.4419643,USA,,Daily,Yes,Web-Only Source,English,6/3/2009,Full Text,11
Normandy Park Blog,Normandy Park,King,WA,Normandy Park King WA ,47.4362103,-122.3406799,USA,,Daily,Yes,Web-Only Source,English,8/16/2019,Full Text,0
"North American Post, The (Hokubei Hochi)",Seattle,King,WA,Seattle King WA ,47.5983889,-122.3299086,USA,,Weekly,Yes,Newspaper,English,10/10/2015,Full Text,0
"North Coast News, The",Ocean Shores,GRAYS HARBOR,WA,Ocean Shores GRAYS HARBOR WA ,47.0074167,-124.1613653,USA,,Monthly,Yes,Newspaper,English,11/4/2008,Full Text,0
North Kitsap Herald,Poulsbo,Kitsap,WA,Poulsbo Kitsap WA ,47.735928,-122.6465372,USA,,Weekly,Yes,Newspaper,English,8/9/2000,Full Text,0
Northwest Navigator Kitsap-Everett,Naval Base Kitsap,Kitsap,WA,Naval Base Kitsap Kitsap WA ,47.72215,-122.7181033,USA,,Weekly,Yes,Newspaper,English,9/30/2004,Full Text,0
Northwest Navigator Whidbey,Whidbey Island Naval Base,Island,WA,Whidbey Island Naval Base Island WA ,48.3451754,-122.6695813,USA,,Weekly,Yes,Newspaper,English,9/30/2004,Full Text,0
Okanogan Valley Gazette-Tribune,Oroville,OKANOGAN,WA,Oroville OKANOGAN WA ,48.9392876,-119.4352588,USA,,Weekly,Yes,Newspaper,English,10/1/2007,Full Text,0
"Olympian Today's Edition, The",Olympia,Thurston,WA,Olympia Thurston WA ,47.0451842,-122.895355,USA,,Daily,Yes,Newspaper: Image Edition,English,6/13/2024,Full Text,4
"Olympian, The",Olympia,Thurston,WA,Olympia Thurston WA ,47.0451842,-122.895355,USA,,Weekly,Yes,Newspaper,English,1/1/2001,Full Text,7
"Olympian, The",Olympia,Thurston,WA,Olympia Thurston WA ,47.0451842,-122.895355,USA,,Daily,Yes,Newspaper: Image Edition,English,1/1/2019,Full Text,0
"Olympian, The: Blogs",Olympia,Thurston,WA,Olympia Thurston WA ,47.0451842,-122.895355,USA,,Daily,Yes,Blog,English,1/1/2006,Full Text,0
"Olympian, The: Video",Olympia,Thurston,WA,Olympia Thurston WA ,47.0451842,-122.895355,USA,,Weekly,Yes,Video,English,6/5/2023,Full Video Feed,0
"Olympian, The: Video Transcripts",Olympia,Thurston,WA,Olympia Thurston WA ,47.0451842,-122.895355,USA,,Weekly,Yes,Transcript,English,4/16/2019,Full Text,0
"Olympian, The: Web Edition Articles",Olympia,Thurston,WA,Olympia Thurston WA ,47.0451842,-122.895355,USA,,Daily,Yes,Web-Only Source,English,6/3/2009,Full Text,0
"Palestine Chronicle, The",Mountlake Terrace,Snohomish,WA,Mountlake Terrace Snohomish WA ,47.7881528,-122.3087405,USA,,Weekly,No,Web-Only Source,English,6/18/2008,Full Text,0
Peninsula Daily News,Port Angeles,CLALLAM,WA,Port Angeles CLALLAM WA ,48.118146,-123.4307413,USA,,Daily,Yes,Newspaper,English,3/26/2001,Full Text,8
"Peninsula Gateway, The",Gig Harbor,Pierce,WA,Gig Harbor Pierce WA ,47.3293853,-122.5808577,USA,,Weekly,Yes,Newspaper,English,5/9/2012,Full Text,0
"Peninsula Gateway, The: Archive",Gig Harbor,Pierce,WA,Gig Harbor Pierce WA ,47.3293853,-122.5808577,USA,,Weekly,No,Newspaper,English,12/13/2006,Full Text,0
"Peninsula Gateway, The: Blogs",Gig Harbor,Pierce,WA,Gig Harbor Pierce WA ,47.3293853,-122.5808577,USA,,Weekly,Yes,Blog,English,8/22/2012,Full Text,0
"Pioneer, The: Whitman College",Walla Walla,Walla Walla,WA,Walla Walla Walla Walla WA ,46.0645809,-118.3430209,USA,,Weekly,Yes,College/University Newspaper,English,4/28/2013,Full Text,1
Port Orchard Independent,Port Orchard,Kitsap,WA,Port Orchard Kitsap WA ,47.5403732,-122.6362492,USA,,Weekly,Yes,Newspaper,English,10/8/1999,Full Text,0
Puyallup Herald,Puyallup,Pierce,WA,Puyallup Pierce WA ,47.1853785,-122.2928974,USA,,Weekly,Yes,Newspaper,English,7/14/2015,Full Text,0
Puyallup Herald: Archive,Puyallup,Pierce,WA,Puyallup Pierce WA ,47.1853785,-122.2928974,USA,,Weekly,Yes,Newspaper,English,9/20/2007,Full Text,0
Quad City Herald,Brewster,OKANOGAN,WA,Brewster OKANOGAN WA ,48.0959784,-119.7806166,USA,,Weekly,Yes,Newspaper,English,9/29/2007,Full Text,0
Queen Anne & Magnolia News,Seattle,KING,WA,Seattle KING WA ,47.5983889,-122.3299086,USA,,Weekly,Yes,Newspaper,English,6/18/2001,Full Text,0
Quincy Valley Post-Register,Quincy,Grant,WA,Quincy Grant WA ,47.2342997,-119.8525504,USA,,Weekly,Yes,Newspaper,English,8/18/2014,Full Text,0
Redmond Reporter,Redmond,King,WA,Redmond King WA ,47.6739881,-122.121512,USA,,Weekly,Yes,Newspaper,English,4/5/2008,Full Text,3
Renton Reporter,Renton,King,WA,Renton King WA ,47.4796927,-122.2079218,USA,,Weekly,Yes,Newspaper,English,3/26/2008,Full Text,5
Sammamish Reporter,Sammamish,KING,WA,Sammamish KING WA ,47.6162683,-122.0355736,USA,,Weekly,Yes,Newspaper,English,4/11/2008,Full Text,0
"SeaTac Blog, The",SeaTac,King,WA,SeaTac King WA ,47.4435903,-122.2960726,USA,,Daily,Yes,Web-Only Source,English,8/16/2019,Full Text,0
Seattle Examiner,Seattle,KING,WA,Seattle KING WA ,47.5983889,-122.3299086,USA,,Daily,Yes,Web-Only Source,English,4/7/2008,Full Text,0
"Seattle Globalist, The",Seattle,King,WA,Seattle King WA ,47.5983889,-122.3299086,USA,,Daily,Yes,Web-Only Source,English,1/5/2012,Full Text,3
Seattle Post-Intelligencer,Seattle,King,WA,Seattle King WA ,47.5983889,-122.3299086,USA,,Weekly,Yes,Newspaper,English,1/1/1986,Full Text,2
"Seattle Times, The",Seattle,King,WA,Seattle King WA ,47.5983889,-122.3299086,USA,,Daily,Yes,Newspaper: Image Edition,English,1/1/2019,Full Text,45
"Seattle Times, The",Seattle,King,WA,Seattle King WA ,47.5983889,-122.3299086,USA,,Daily,Yes,Newspaper,English,1/1/1985,Full Text,26
"Seattle Times, The: Blogs",Seattle,King,WA,Seattle King WA ,47.5983889,-122.3299086,USA,,Daily,Yes,Blog,English,5/19/2009,Full Text,0
"Seattle Times, The: Web Edition Articles",Seattle,King,WA,Seattle King WA ,47.5983889,-122.3299086,USA,,Daily,Yes,Web-Only Source,English,1/2/2017,Full Text,24
Seattle Weekly,Seattle,KING,WA,Seattle KING WA ,47.5983889,-122.3299086,USA,,Weekly,Yes,Newspaper,English,3/11/2016,Full Text,7
Sequim Gazette,Sequim,CLALLAM,WA,Sequim CLALLAM WA ,48.0795365,-123.1018437,USA,,Weekly,Yes,Newspaper,English,1/2/2008,Full Text,3
Skagit Valley Herald,Mount Vernon,Skagit,WA,Mount Vernon Skagit WA ,48.4201105,-122.3374542,USA,,Daily,Yes,Newspaper,English,10/19/2005,Full Text,2
Snoqualmie Valley Record,Snoqualmie,KING,WA,Snoqualmie KING WA ,47.5287132,-121.8253906,USA,,Weekly,Yes,Newspaper,English,9/7/1999,Full Text,4
Sound Publishing: Blogs,Poulsbo,Kitsap,WA,Poulsbo Kitsap WA ,47.735928,-122.6465372,USA,,Bi-Monthly,Yes,Blog,English,7/23/2009,Full Text,0
Sounds Newspaper: South Puget Sound Community College,Olympia,Thurston,WA,Olympia Thurston WA ,47.0451842,-122.895355,USA,,Daily,Yes,College/University Newspaper,English,4/18/2013,Full Text,0
"South Beach Bulletin, The",Westport,Grays Harbor,WA,Westport Grays Harbor WA ,46.8900903,-124.1040613,USA,,Bi-Weekly,Yes,Newspaper,English,6/5/2014,Full Text,0
South County Journal,Kent,King,WA,Kent King WA ,47.3815271,-122.2374262,USA,,Daily,No,Newspaper,English,12/3/1999,Full Text,0
South Whidbey Record,Coupeville,Island,WA,Coupeville Island WA ,48.2198208,-122.6862804,USA,,Weekly,Yes,Newspaper,English,9/23/1999,Full Text,0
"Spectator, The: Seattle University",Seattle,King,WA,Seattle King WA ,47.5983889,-122.3299086,USA,,Weekly,No,College/University Newspaper,English,9/23/2013,Full Text,0
Spokane Examiner,Spokane,Spokane,WA,Spokane Spokane WA ,47.6579711,-117.4235319,USA,,Daily,Yes,Web-Only Source,English,08/29/2008,Full Text,0
"Spokesman-Review, The",Spokane,Spokane,WA,Spokane Spokane WA ,47.6579711,-117.4235319,USA,,Daily,No,Newspaper,English,7/1/1994,Full Text,2
"Spokesman-Review, The [TCA]",Spokane,Spokane,WA,Spokane Spokane WA ,47.6579711,-117.4235319,USA,,Daily,No,Newspaper,English,6/20/2020,Full Text,2
Stanwood Camano News,Stanwood,Snohomish,WA,Stanwood Snohomish WA ,48.2410895,-122.3706837,USA,,Weekly,Yes,Newspaper,English,5/12/2009,Full Text,0
Statesman-Examiner,Colville,Stevens,WA,Colville Stevens WA ,48.5335357,-117.7746536,USA,,Weekly,Yes,Newspaper,English,6/4/2008,Full Text,0
"Tacoma Daily Index, The",Tacoma,Pierce,WA,Tacoma Pierce WA ,47.2551307,-122.4419643,USA,,Daily,Yes,Newspaper,English,7/31/2013,Full Text,0
Tacoma Examiner,Tacoma,Pierce,WA,Tacoma Pierce WA ,47.2551307,-122.4419643,USA,,Weekly,Yes,Web-Only Source,English,02/24/2009,Full Text,0
"Trail, The: University of Puget Sound",Tacoma,Pierce,WA,Tacoma Pierce WA ,47.2551307,-122.4419643,USA,,Weekly,Yes,College/University Newspaper,English,12/1/2010,Full Text,0
Tri-City Herald,Kennewick,Benton,WA,Kennewick Benton WA ,46.2086683,-119.119948,USA,,Weekly,Yes,Newspaper,English,2/21/2006,Full Text,4
Tri-City Herald,Kennewick,Benton,WA,Kennewick Benton WA ,46.2086683,-119.119948,USA,,Weekly,Yes,Newspaper: Image Edition,English,1/1/2019,Full Text,7
Tri-City Herald Today's Edition,Kennewick,Benton,WA,Kennewick Benton WA ,46.2086683,-119.119948,USA,,Daily,Yes,Newspaper: Image Edition,English,5/12/2024,Full Text,2
Tri-City Herald: Blogs,Kennewick,Benton,WA,Kennewick Benton WA ,46.2086683,-119.119948,USA,,Monthly,Yes,Blog,English,7/8/2010,Full Text,0
Tri-City Herald: Video,Kennewick,Benton,WA,Kennewick Benton WA ,46.2086683,-119.119948,USA,,Weekly,Yes,Video,English,6/23/2023,Full Video Feed,0
Tri-City Herald: Video Transcripts,Kennewick,Benton,WA,Kennewick Benton WA ,46.2086683,-119.119948,USA,,Weekly,Yes,Transcript,English,4/16/2019,Full Text,0
Tri-City Herald: Web Edition Articles,Kennewick,Benton,WA,Kennewick Benton WA ,46.2086683,-119.119948,USA,,Daily,Yes,Web-Only Source,English,6/3/2009,Full Text,0
"Tukwila Blog, The",Tukwila,King,WA,Tukwila King WA ,47.4748399,-122.2726248,USA,,Weekly,Yes,Web-Only Source,English,8/16/2019,Full Text,0
Tukwila Reporter,Tukwila,King,WA,Tukwila King WA ,47.4748399,-122.2726248,USA,,Monthly,Yes,Newspaper,English,8/17/2010,Full Text,0
Vancouver Business Journal,Vancouver,CLARK,WA,Vancouver CLARK WA ,45.6809635,-122.5970739,USA,,Bi-Weekly,No,Journal,English,3/1/2002,Full Text,0
Vashon-Maury Island Beachcomber,Vashon,King ,WA,Vashon King  WA ,47.4473204,-122.4598502,USA,,Weekly,Yes,Newspaper,English,3/28/2008,Full Text,1
"Vidette, The",Montesano,Grays Harbor,WA,Montesano Grays Harbor WA ,46.9794895,-123.6008405,USA,,Weekly,Yes,Newspaper,English,8/23/2007,Full Text,1
Walla Walla Union-Bulletin,Walla Walla,WALLA WALLA,WA,Walla Walla WALLA WALLA WA ,46.0645809,-118.3430209,USA,,Daily,No,Newspaper,English,11/10/2008,Full Text,0
"Waterland Blog, The",Des Moines,King,WA,Des Moines King WA ,47.4017661,-122.3242902,USA,,Daily,Yes,Web-Only Source,English,1/3/2012,Full Text,0
Wenatchee Business Journal,Wenatchee,"Chelan, Douglas",WA,"Wenatchee Chelan, Douglas WA ",47.4234599,-120.3103494,USA,,Monthly,Yes,Journal,English,8/15/2009,Full Text,0
Wenatchee Valley Business World,Wenatchee,"Chelan, Douglas",WA,"Wenatchee Chelan, Douglas WA ",47.4234599,-120.3103494,USA,,Monthly,Yes,Magazine,English,7/5/2013,Full Text,0
"Wenatchee World, The",Wenatchee,"Chelan, Douglas",WA,"Wenatchee Chelan, Douglas WA ",47.4234599,-120.3103494,USA,,Daily,Yes,Newspaper,English,1/27/1992,Full Text,21
Whidbey Crosswind,Whidbey Island Naval Base,Island,WA,Whidbey Island Naval Base Island WA ,48.3451754,-122.6695813,USA,,Monthly,Yes,Newspaper,English,3/31/2011,Full Text,0
Whidbey News-Times,Coupeville,Island,WA,Coupeville Island WA ,48.2198208,-122.6862804,USA,,Weekly,Yes,Newspaper,English,9/22/1999,Full Text,0
White Center Blog,Seattle,King,WA,Seattle King WA ,47.5983889,-122.3299086,USA,,Daily,Yes,Web-Only Source,English,8/16/2019,Full Text,0
White Salmon Enterprise,White Salmon,KLICKITAT,WA,White Salmon KLICKITAT WA ,45.7277747,-121.4866994,USA,,Weekly,Yes,Newspaper,English,3/30/2001,Full Text,0
Wine Press Northwest,Kennewick,BENTON,WA,Kennewick BENTON WA ,46.2086683,-119.119948,USA,,Quarterly,Yes,Magazine,English,9/14/2018,Full Text,0
Wine Press Northwest [TCA],Kennewick,BENTON,WA,Kennewick BENTON WA ,46.2086683,-119.119948,USA,,Quarterly,Yes,Journal,English,1/14/2008,Full Text,0
Yakima Examiner,Yakima,Yakima,WA,Yakima Yakima WA ,46.6022299,-120.5060955,USA,,Monthly,Yes,Web-Only Source,English,10/03/2009,Full Text,0
Yakima Herald-Republic,Yakima,Yakima,WA,Yakima Yakima WA ,46.6022299,-120.5060955,USA,,Daily,No,Newspaper,English,12/10/1997,Full Text,148
OR,,,,   ,   ,   ,,,,,,,,,
Albany Democrat-Herald,Albany,Linn,OR,Albany Linn OR ,44.6365107,-123.1059282,USA,,Daily,No,Newspaper: Image Edition,English,9/22/2025,Full Text,0
Albany Democrat-Herald,Albany,Linn,OR,Albany Linn OR ,44.6365107,-123.1059282,USA,,Daily,Yes,Newspaper,English,7/11/1999,Full Text,2
Albany Tribune,Albany,Linn,OR,Albany Linn OR ,44.6365107,-123.1059282,USA,,Daily,No,Web-Only Source,English,10/21/2013,Full Text,0
Argus Observer,Ontario,Malheur,OR,Ontario Malheur OR ,44.0265525,-116.9629378,USA,,Daily,Yes,Newspaper,English,9/28/1998,Full Text,0
"Ashland Tidings, The",Ashland,Jackson,OR,Ashland Jackson OR ,43.8041334,-120.5542012,USA,,Daily,Yes,Newspaper,English,1/2/2004,Full Text,1
Associated Press State Wire: Oregon,,,OR,  OR ,45.515232,-122.6783853,USA,,Daily,No,Newswire,English,12/31/2010,Full Text,6
Associated Press: Salem Metro Area,Salem,Marion,OR,Salem Marion OR ,44.9362411,-123.0407496,USA,,Bi-Weekly,No,Newswire,English,1/10/1998,Full Text,0
"Astorian, The",Astoria,Clatsop,OR,Astoria Clatsop OR ,46.1878841,-123.8312534,USA,,Weekly,Yes,Newspaper,English,5/28/2002,Full Text,2
"Baker City Herald, The",Baker City,Baker,OR,Baker City Baker OR ,44.7748748,-117.8343848,USA,,Daily,Yes,Newspaper,English,1/1/2001,Full Text,0
Bandon Western World,Bandon,Coos,OR,Bandon Coos OR ,43.1189978,-124.408448,USA,,Weekly,Yes,Newspaper,English,3/23/2012,Full Text,0
Beaverton Valley Times,Beaverton,Washington,OR,Beaverton Washington OR ,45.4869283,-122.804032,USA,,Weekly,Yes,Newspaper,English,6/14/2006,Full Text,1
"Bee, The",Portland,Multnomah,OR,Portland Multnomah OR ,45.515232,-122.6783853,USA,,Monthly,Yes,Newspaper,English,6/26/2006,Full Text,0
Bend Examiner,Bend,Deschutes,OR,Bend Deschutes OR ,44.0581728,-121.3153096,USA,,Bi-Annual,Yes,Web-Only Source,English,11/23/2009,Full Text,0
Blue Mountain Eagle,John Day,Grant,OR,John Day Grant OR ,44.4159883,-118.95301,USA,,Weekly,Yes,Newspaper,English,8/1/2002,Full Text,0
Boom! Boomers & Beyond,Portland,Multnomah,OR,Portland Multnomah OR ,45.515232,-122.6783853,USA,,Monthly,Yes,Magazine,English,7/5/2006,Full Text,0
"Broadside, The: Central Oregon Community College",Bend,Deschutes,OR,Bend Deschutes OR ,44.0581728,-121.3153096,USA,,Weekly,Yes,College/University Newspaper,English,05/11/2011,Full Text,0
"Bulletin, The",Bend,Deschutes,OR,Bend Deschutes OR ,44.0581728,-121.3153096,USA,,Daily,Yes,Newspaper,English,7/1/2005,Full Text,3
"Bulletin, The",Bend,Deschutes,OR,Bend Deschutes OR ,44.0581728,-121.3153096,USA,,Daily,Yes,Newspaper: Image Edition,English,7/1/2024,Full Text,1
Canby Herald,Canby,CLACKAMAS,OR,Canby CLACKAMAS OR ,45.262692,-122.6957402,USA,,Weekly,Yes,Newspaper,English,7/5/2006,Full Text,0
Cannon Beach Gazette,Cannon Beach,Clatsop,OR,Cannon Beach Clatsop OR ,45.8917738,-123.9615274,USA,,Bi-Weekly,Yes,Newspaper,English,7/26/2007,Full Text,0
Capital Press,Salem,Marion,OR,Salem Marion OR ,44.9362411,-123.0407496,USA,,Weekly,Yes,Newspaper,English,8/7/2002,Full Text,0
"Center Square Oregon, The",,,OR,  OR ,45.515232,-122.6783853,USA,,Weekly,Yes,Web-Only Source,English,5/1/2017,Full Text,0
Central Oregonian,Prineville,CROOK,OR,Prineville CROOK OR ,44.2998485,-120.8344664,USA,,Weekly,Yes,Newspaper,English,2/1/2001,Full Text,0
"Chemeketa Courier, The",Salem,"Marion, Polk",OR,"Salem Marion, Polk OR ",44.9362411,-123.0407496,USA,,Weekly,Yes,College/University Newspaper,English,1/18/2008,Full Text,0
"Clackamas Print, The: Clackamas Community College",Oregon City,Clackamas,OR,Oregon City Clackamas OR ,45.3556099,-122.605853,USA,,Weekly,Yes,College/University Newspaper,English,02/29/2012,Full Text,0
Coast River Business Journal,,"Clatsop, Wahkiakum, Tillamook, Pacific",OR," Clatsop, Wahkiakum, Tillamook, Pacific OR ",45.4562158,-123.8440137,USA,,Monthly,Yes,Journal,English,4/14/2006,Full Text,0
Coast Weekend,Astoria,Clatsop,OR,Astoria Clatsop OR ,46.1878841,-123.8312534,USA,,Weekly,Yes,Newspaper,English,10/3/2014,Full Text,0
Columbia Gorge News,,,OR,  OR ,45.515232,-122.6783853,USA,,Weekly,Yes,Newspaper,English,4/8/2020,Full Text,5
"Commuter, The: Linn-Benton Community College",Albany,Linn,OR,Albany Linn OR ,44.6365107,-123.1059282,USA,,Weekly,Yes,College/University Newspaper,English,09/10/2012,Full Text,0
Corvallis Gazette-Times,Corvallis,BENTON,OR,Corvallis BENTON OR ,44.5646356,-123.2619607,USA,,Daily,Yes,Newspaper,English,7/11/1999,Full Text,2
Corvallis Gazette-Times: Blogs,Corvallis,BENTON,OR,Corvallis BENTON OR ,44.5646356,-123.2619607,USA,,Monthly,Yes,Blog,English,7/11/2007,Full Text,0
"Cottage Grove Sentinel, The",Cottage Grove,,OR,Cottage Grove  OR ,43.7972473,-123.0590635,USA,,Weekly,Yes,Newspaper,English,8/22/2022,Full Text,0
Curry Coastal Pilot,Brookings,Curry,OR,Brookings Curry OR ,42.0526114,-124.2839819,USA,,Weekly,Yes,Newspaper,English,9/9/2000,Full Text,3
"Daily Barometer, The: Oregon State University",Corvallis,Benton,OR,Corvallis Benton OR ,44.5646356,-123.2619607,USA,,Daily,No,College/University Newspaper,English,01/15/2013,Full Text,1
Daily Emerald: University of Oregon,Eugene,Lane,OR,Eugene Lane OR ,44.03,123.07,USA,,Daily,No,Web-Only Source,English,06/07/2009,Full Text,1
Daily Journal of Commerce,Portland,Multnomah,OR,Portland Multnomah OR ,45.515232,-122.6783853,USA,,Daily,No,Journal,English,3/1/2001,Full Text,0
"Dalles Chronicle, The",The Dalles,Wasco,OR,The Dalles Wasco OR ,45.6017716,-121.1848433,USA,,Weekly,Yes,Newspaper,English,1/4/2005,Full Text,0
Earthfix,Portland,Multnomah,OR,Portland Multnomah OR ,45.515232,-122.6783853,USA,,Daily,Yes,Web-Only Source,English,6/12/2011,Full Text,0
East Oregonian,Pendleton,Umatilla,OR,Pendleton Umatilla OR ,45.9165323,-119.2782602,USA,,Daily,Yes,Newspaper,English,7/29/2002,Full Text,14
Estacada News,Estacada,Clackamas,OR,Estacada Clackamas OR ,45.2877198,-122.3351638,USA,,Weekly,Yes,Newspaper,English,6/27/2006,Full Text,0
Eugene Examiner,Eugene,Lane,OR,Eugene Lane OR ,44.03,123.07,USA,,Weekly,Yes,Web-Only Source,English,06/29/2009,Full Text,0
Forest Grove Leader,Forest Grove,WASHINGTON,OR,Forest Grove WASHINGTON OR ,45.5196767,-123.1121017,USA,,Weekly,Yes,Newspaper,English,1/11/2010,Full Text,0
Forest Grove News Times,Forest Grove,Washington,OR,Forest Grove Washington OR ,45.5196767,-123.1121017,USA,,Weekly,Yes,Newspaper,English,6/20/2006,Full Text,1
GO! Eastern Oregon,Pendleton,Umatilla,OR,Pendleton Umatilla OR ,45.9165323,-119.2782602,USA,,Weekly,Yes,Magazine,English,7/27/2020,Full Text,0
Herald and News,Klamath Falls,Klamath,OR,Klamath Falls Klamath OR ,42.224867,-121.7816704,USA,,Daily,Yes,Newspaper: Image Edition,English,4/9/2025,Full Text,0
Herald and News,Klamath Falls,Klamath,OR,Klamath Falls Klamath OR ,42.224867,-121.7816704,USA,,Daily,Yes,Newspaper,English,11/29/2000,Full Text,4
"Hermiston Herald, The",Hermiston,UMATILLA,OR,Hermiston UMATILLA OR ,45.8404101,-119.2894605,USA,,Weekly,Yes,Newspaper,English,2/28/2001,Full Text,0
Hillsboro Argus,Hillsboro,WASHINGTON,OR,Hillsboro WASHINGTON OR ,45.5201237,-122.9913341,USA,,Weekly,Yes,Newspaper,English,12/28/2010,Full Text,0
Hillsboro Tribune,Hillsboro,Washington,OR,Hillsboro Washington OR ,45.5201237,-122.9913341,USA,,Weekly,Yes,Newspaper,English,7/5/2006,Full Text,0
Hilltop News,Salem,"Marion, Polk",OR,"Salem Marion, Polk OR ",44.9362411,-123.0407496,USA,,Bi-Weekly,Yes,College/University Newspaper,English,9/18/2008,Full Text,0
Hood River News,Hood River,HOOD RIVER,OR,Hood River HOOD RIVER OR ,45.708857,-121.5122706,USA,,Weekly,Yes,Newspaper,English,8/8/2001,Full Text,0
Keizertimes,Keizer,Marion,OR,Keizer Marion OR ,44.9901194,-123.0262077,USA,,Weekly,Yes,Newspaper,English,6/14/2000,Full Text,0
Lake County Examiner,Lakeview,LAKE,OR,Lakeview LAKE OR ,43.8041334,-120.5542012,USA,,Weekly,Yes,Newspaper,English,11/4/2010,Full Text,0
Lake Oswego Review,Lake Oswego,Clackamas,OR,Lake Oswego Clackamas OR ,45.4192504,-122.6629863,USA,,Weekly,Yes,Newspaper,English,6/21/2006,Full Text,0
Lebanon Express,Lebanon,Linn,OR,Lebanon Linn OR ,44.5365119,-122.9070339,USA,,Weekly,Yes,Newspaper,English,8/6/2003,Full Text,0
Lincoln County Leader,Newport,Lincoln,OR,Newport Lincoln OR ,44.6367836,-124.0534505,USA,,Weekly,Yes,Newspaper,English,4/26/2010,Full Text,0
"Linfield Review, The: Linfield University",McMinnville,Yamhill,OR,McMinnville Yamhill OR ,45.2107513,-123.1944874,USA,,Weekly,No,College/University Newspaper,English,01/09/2008,Full Text,0
Madras Pioneer,Madras,JEFFERSON,OR,Madras JEFFERSON OR ,44.6334544,-121.1294872,USA,,Weekly,Yes,Newspaper,English,10/22/2001,Full Text,1
Mail Tribune,Medford,Jackson,OR,Medford Jackson OR ,42.3230112,-122.8767396,USA,,Daily,Yes,Newspaper,English,2/18/2015,Full Text,0
Medford Examiner,Medford,Jackson,OR,Medford Jackson OR ,42.3230112,-122.8767396,USA,,Weekly,Yes,Web-Only Source,English,07/06/2009,Full Text,0
Milwaukie Review,Milwaukie,Clackamas,OR,Milwaukie Clackamas OR ,45.4426186,-122.6398398,USA,,Weekly,Yes,Newspaper,English,6/20/2006,Full Text,0
Molalla Pioneer,Molalla,CLACKAMAS,OR,Molalla CLACKAMAS OR ,45.1475439,-122.5771264,USA,,Weekly,Yes,Newspaper,English,7/5/2006,Full Text,0
NBC - 8 KGW,Portland,MULTNOMAH,OR,Portland MULTNOMAH OR ,45.515232,-122.6783853,USA,,Daily,Yes,Web-Only Source,English,8/12/2009,Full Text,3
Newberg Graphic,Newberg,YAMHILL,OR,Newberg YAMHILL OR ,45.3003268,-122.9761318,USA,,Weekly,Yes,Newspaper,English,7/5/2006,Full Text,0
News-Register,McMinnville,YAMHILL,OR,McMinnville YAMHILL OR ,45.2107513,-123.1944874,USA,,Weekly,Yes,Newspaper,English,1/1/1999,Full Text,0
North Coast Citizen,Manzanita,Tillamook,OR,Manzanita Tillamook OR ,45.7184398,-123.9351354,USA,,Bi-Weekly,Yes,Newspaper,English,8/18/2025,Full Text,0
"Observer, The",La Grande,UNION,OR,La Grande UNION OR ,45.3245771,-118.0877188,USA,,Daily,Yes,Newspaper,English,2/26/2001,Full Text,3
Oregon Capital Insider,Pendleton,Umatilla,OR,Pendleton Umatilla OR ,45.9165323,-119.2782602,USA,,Weekly,Yes,Newsletter,English,10/20/2016,Full Text,1
Oregon Coast Today,Lincoln City,Lincoln,OR,Lincoln City Lincoln OR ,44.9620902,-124.0159354,USA,,Weekly,Yes,Newspaper,English,11/22/2013,Full Text,0
"Oregonian, The",Portland,Multnomah,OR,Portland Multnomah OR ,45.515232,-122.6783853,USA,,Daily,Yes,Newspaper: Image Edition,English,1/1/2019,Full Text,5
"Oregonian, The",Portland,Multnomah,OR,Portland Multnomah OR ,45.515232,-122.6783853,USA,,Daily,Yes,Newspaper,English,9/1/1987,Full Text,3
"Oregonian, The: Blogs",Portland,Multnomah,OR,Portland Multnomah OR ,45.515232,-122.6783853,USA,,Weekly,Yes,Blog,English,1/24/2005,Full Text,0
"Oregonian, The: Web Edition Articles",Portland,Multnomah,OR,Portland Multnomah OR ,45.515232,-122.6783853,USA,,Daily,Yes,Web-Only Source,English,10/14/2012,Full Text,5
"Other Oregon, The",Salem,Marion,OR,Salem Marion OR ,44.9362411,-123.0407496,USA,,Quarterly,Yes,Magazine,English,9/28/2018,Full Text,0
"Outlook, The",Gresham,Multnomah,OR,Gresham Multnomah OR ,45.5044715,-122.4356657,USA,,Weekly,Yes,Newspaper,English,6/16/2006,Full Text,0
"Pacific Index, The: Pacific University",Forest Grove,Washington,OR,Forest Grove Washington OR ,45.5196767,-123.1121017,USA,,Bi-Weekly,No,College/University Newspaper,English,10/20/2010,Full Text,1
"Philomath Express, The",Philomath,Benton,OR,Philomath Benton OR ,44.540121,-123.3676014,USA,,Weekly,Yes,Newspaper,English,12/17/2014,Full Text,0
Polk County Itemizer-Observer,Dallas,Polk,OR,Dallas Polk OR ,44.9192844,-123.3170472,USA,,Weekly,Yes,Newspaper,English,8/16/2000,Full Text,0
Portland Examiner,Portland,Multnomah,OR,Portland Multnomah OR ,45.515232,-122.6783853,USA,,Daily,Yes,Web-Only Source,English,11/03/2008,Full Text,0
Portland Tribune,Portland,Multnomah,OR,Portland Multnomah OR ,45.515232,-122.6783853,USA,,Weekly,Yes,Newspaper,English,12/31/2001,Full Text,0
"Redmond Spokesman, The",Redmond,King,OR,Redmond King OR ,43.8041334,-120.5542012,USA,,Weekly,Yes,Newspaper,English,1/10/2007,Selected Full Text,0
Regal Courier,Tigard,Washington,OR,Tigard Washington OR ,45.4269289,-122.7783874,USA,,Monthly,Yes,Newspaper,English,6/25/2006,Full Text,0
"Register-Guard, The",Eugene,Lane,OR,Eugene Lane OR ,44.03,123.07,USA,,Daily,Yes,Newspaper: Image Edition,English,1/1/2019,Full Text,0
"Register-Guard, The",Eugene,Lane,OR,Eugene Lane OR ,44.03,123.07,USA,,Daily,Yes,Newspaper,English,11/14/2001,Full Text,1
Rogue Valley Times,Medford,Jackson,OR,Medford Jackson OR ,42.3230112,-122.8767396,USA,,Weekly,Yes,Newspaper,English,1/13/2023,Full Text,1
Salem Business Journal,Salem,"Marion, Polk",OR,"Salem Marion, Polk OR ",44.9362411,-123.0407496,USA,,Monthly,Yes,Journal,English,7/1/2009,Full Text,0
Salem Weekly,Salem,Marion,OR,Salem Marion OR ,44.9362411,-123.0407496,USA,,Weekly,Yes,Journal,English,7/31/2005,Full Text,0
Salem-News.com,Salem,"Marion, Polk",OR,"Salem Marion, Polk OR ",44.9362411,-123.0407496,USA,,Bi-Monthly,Yes,Web-Only Source,English,1/3/2006,Full Text,0
Sandy Post,Sandy,Clackamas,OR,Sandy Clackamas OR ,45.3973141,-122.2630704,USA,,Weekly,Yes,Newspaper,English,6/27/2006,Full Text,0
Seaside Signal,Seaside,Clatsop,OR,Seaside Clatsop OR ,45.9931636,-123.9226385,USA,,Bi-Weekly,Yes,Newspaper,English,5/4/2006,Full Text,0
Sherwood Gazette,Sherwood,Washington,OR,Sherwood Washington OR ,45.3569341,-122.8410659,USA,,Monthly,Yes,Newspaper,English,6/27/2006,Full Text,0
Siuslaw News,Florence,,OR,Florence  OR ,43.9826214,-124.0998409,USA,,Weekly,Yes,Newspaper,English,8/22/2022,Full Text,0
"South County Spotlight, The",Scappoose,Columbia,OR,Scappoose Columbia OR ,45.7577015,-122.8780677,USA,,Weekly,Yes,Newspaper,English,7/5/2006,Full Text,0
"Southwest Community Connection, The",Lake Oswego,Clackamas,OR,Lake Oswego Clackamas OR ,45.4192504,-122.6629863,USA,,Monthly,Yes,Newspaper,English,6/30/2006,Full Text,0
Tigard-Tualatin-Sherwood Times,Tigard,Washington,OR,Tigard Washington OR ,45.4269289,-122.7783874,USA,,Weekly,Yes,Newspaper,English,6/21/2006,Full Text,1
Tillamook Headlight-Herald,Tillamook,Tillamook,OR,Tillamook Tillamook OR ,45.4562158,-123.8440137,USA,,Weekly,Yes,Newspaper,English,5/1/2002,Full Text,4
"Umpqua Post, The",Reedsport,Douglas,OR,Reedsport Douglas OR ,43.7023389,-124.0967779,USA,,Weekly,Yes,Newspaper,English,2/9/2012,Full Text,1
Wallowa County Chieftain,Enterprise,Wallowa,OR,Enterprise Wallowa OR ,45.4262617,-117.2787815,USA,,Weekly,Yes,Newspaper,English,6/12/2002,Full Text,0
West Linn Tidings,Lake Oswego,Clackamas,OR,Lake Oswego Clackamas OR ,45.4192504,-122.6629863,USA,,Weekly,Yes,Newspaper,English,6/14/2006,Full Text,0
Western Oregon Journal: Western Oregon University,Monmouth,Polk,OR,Monmouth Polk OR ,44.8484524,-123.2339888,USA,,Weekly,No,College/University Newspaper,English,02/14/2012,Full Text,0
Wilsonville Spokesman,Wilsonville,CLACKAMAS,OR,Wilsonville CLACKAMAS OR ,45.3029344,-122.7726687,USA,,Weekly,Yes,Newspaper,English,7/5/2006,Full Text,0
Woodburn Independent,Woodburn,MARION,OR,Woodburn MARION OR ,45.143731,-122.8553725,USA,,Weekly,Yes,Newspaper,English,7/5/2006,Full Text,0
"World, The",Coos Bay,Coos,OR,Coos Bay Coos OR ,43.3672213,-124.2131325,USA,,Daily,Yes,Newspaper,English,3/22/2004,Full Text,0
ID,,,,   ,   ,   ,,,,,,,,,
Associated Press State Wire: Idaho,,,ID,  ID ,43.6150186,-116.2023137,USA,,Bi-Weekly,No,Newswire,English,12/31/2010,Full Text,1
Bingham County Chronicle ,Blackfoot,Bingham,ID,Blackfoot Bingham ID ,43.1904709,-112.3449773,USA,,Daily,Yes,Newspaper,English,3/5/2019,Full Text,0
Boise Examiner,Boise,Ada,ID,Boise Ada ID ,43.6150186,-116.2023137,USA,,Daily,Yes,Web-Only Source,English,07/28/2008,Full Text,0
Boise Weekly,Boise,Ada,ID,Boise Ada ID ,43.6150186,-116.2023137,USA,,Weekly,Yes,Newspaper,English,4/7/2004,Full Text,0
BoiseDev,Boise,Ada,ID,Boise Ada ID ,43.6150186,-116.2023137,USA,,Daily,Yes,Web-Only Source,English,2/4/2019,Full Text,0
Bonner County Daily Bee,Sandpoint,BONNER,ID,Sandpoint BONNER ID ,48.276577,-116.553465,USA,,Daily,Yes,Newspaper,English,3/2/2004,Full Text,0
Bonners Ferry Herald,Bonners Ferry,Boundary,ID,Bonners Ferry Boundary ID ,48.6913257,-116.3163092,USA,,Weekly,Yes,Newspaper,English,10/5/2006,Full Text,0
Challis Messenger,Challis,Custer,ID,Challis Custer ID ,44.5046445,-114.2317308,USA,,Weekly,Yes,Newspaper,English,3/10/2005,Full Text,0
"Coeur d'Alene Press, The",Coeur d'Alene,Kootenai,ID,Coeur d'Alene Kootenai ID ,47.6734632,-116.7812225,USA,,Daily,Yes,Newspaper,English,9/30/2003,Full Text,1
"Idaho Argonaut, The: University of Idaho",Moscow,Latah,ID,Moscow Latah ID ,46.7323875,-117.0001651,USA,,Weekly,No,College/University Newspaper,English,8/4/2013,Full Text,0
Idaho Business Review,Boise,ADA,ID,Boise ADA ID ,43.6150186,-116.2023137,USA,,Weekly,No,Journal,English,3/5/2001,Full Text,0
Idaho Education News,,,ID,  ID ,43.6150186,-116.2023137,USA,,Monthly,Yes,Web-Only Source,English,12/3/2012,Full Text,0
Idaho Falls Examiner,Idaho Falls,Bonneville,ID,Idaho Falls Bonneville ID ,43.4926602,-112.0407506,USA,,Weekly,Yes,Web-Only Source,English,12/22/2009,Full Text,0
Idaho Press,Nampa,Canyon,ID,Nampa Canyon ID ,43.5788175,-116.55978,USA,,Daily,Yes,Newspaper,English,3/1/1999,Full Text,6
Idaho Press,Nampa,Canyon,ID,Nampa Canyon ID ,43.5788175,-116.55978,USA,,Daily,Yes,Newspaper: Image Edition,English,6/1/2023,Full Text,3
Idaho Press: Blogs,Nampa,Canyon,ID,Nampa Canyon ID ,43.5788175,-116.55978,USA,,Monthly,Yes,Blog,English,2/28/2007,Full Text,0
Idaho Spokesman-Review,Coeur d'Alene,Kootenai,ID,Coeur d'Alene Kootenai ID ,47.6734632,-116.7812225,USA,,Daily,Yes,Newspaper,English,7/1/1994,Full Text,0
Idaho State Journal,Pocatello,Bannock,ID,Pocatello Bannock ID ,42.8621042,-112.4506191,USA,,Daily,Yes,Newspaper: Image Edition,English,2/4/2025,Full Text,0
Idaho State Journal,Pocatello,Bannock,ID,Pocatello Bannock ID ,42.8621042,-112.4506191,USA,,Daily,Yes,Newspaper,English,2/18/2000,Full Text,3
Idaho State Journal: Blogs,Pocatello,Bannock,ID,Pocatello Bannock ID ,42.8621042,-112.4506191,USA,,Daily,Yes,Blog,English,2/6/2006,Full Text,0
"Idaho Statesman Today's Edition, The",Boise,Ada,ID,Boise Ada ID ,43.6150186,-116.2023137,USA,,Daily,Yes,Newspaper: Image Edition,English,6/2/2024,Full Text,1
"Idaho Statesman, The",Boise,Ada,ID,Boise Ada ID ,43.6150186,-116.2023137,USA,,Weekly,Yes,Newspaper: Image Edition,English,1/1/2019,Full Text,25
"Idaho Statesman, The",Boise,Ada,ID,Boise Ada ID ,43.6150186,-116.2023137,USA,,Weekly,Yes,Newspaper,English,1/1/1999,Full Text,5
"Idaho Statesman, The: Blogs",Boise,Ada,ID,Boise Ada ID ,43.6150186,-116.2023137,USA,,Weekly,Yes,Blog,English,8/3/2007,Full Text,0
"Idaho Statesman, The: Video",Boise,Ada,ID,Boise Ada ID ,43.6150186,-116.2023137,USA,,Daily,Yes,Video,English,6/14/2023,Full Video Feed,0
"Idaho Statesman, The: Video Transcripts",Boise,Ada,ID,Boise Ada ID ,43.6150186,-116.2023137,USA,,Daily,Yes,Transcript,English,1/17/2019,Full Text,0
Independent Enterprise,Payette,Payette,ID,Payette Payette ID ,44.0782195,-116.9337711,USA,,Weekly,Yes,Newspaper,English,5/16/2007,Full Text,0
Inland 360,Lewiston,Nez Perce,ID,Lewiston Nez Perce ID ,46.4040971,-117.0019991,USA,,Weekly,Yes,Newspaper,English,1/19/2012,Full Text,3
"ISU Bengal, The: Idaho State University",Pocatello,"Bannock, Bingham",ID,"Pocatello Bannock, Bingham ID ",42.8621042,-112.4506191,USA,,Weekly,Yes,College/University Newspaper,English,6/27/2012,Full Text,0
"Jefferson Star, The",Rigby,Jefferson,ID,Rigby Jefferson ID ,43.6724119,-111.9149681,USA,,Weekly,Yes,Newspaper,English,7/25/2012,Full Text,1
Kuna Melba News,Kuna,Ada,ID,Kuna Ada ID ,43.29,116.22,USA,,Weekly,Yes,Newspaper,English,4/10/2013,Full Text,0
Lewiston Tribune,Lewiston,Nez Perce,ID,Lewiston Nez Perce ID ,46.4040971,-117.0019991,USA,,Daily,Yes,Newspaper,English,12/1/1989,Full Text,24
Lewiston Tribune,Lewiston,Nez Perce,ID,Lewiston Nez Perce ID ,46.4040971,-117.0019991,USA,,Daily,Yes,Newspaper: Image Edition,English,1/1/2019,Full Text,40
Lewiston Tribune: Blogs,Lewiston,Nez Perce,ID,Lewiston Nez Perce ID ,46.4040971,-117.0019991,USA,,Weekly,Yes,Blog,English,6/14/2011,Full Text,0
Meridian Examiner,Meridian,Ada,ID,Meridian Ada ID ,43.36,116.23,USA,,Bi-Monthly,Yes,Web-Only Source,English,12/23/2009,Full Text,0
Meridian Press,Meridian,Ada,ID,Meridian Ada ID ,43.36,116.23,USA,,Weekly,Yes,Newspaper,English,1/25/2013,Full Text,0
Meridian-Kuna Press,"Kuna, Meridian",Ada,ID,"Kuna, Meridian Ada ID ",43.4137349,-116.3939156,USA,,Weekly,Yes,Newspaper,English,11/4/2023,Full Text,0
Messenger-Index,Emmett,GEM,ID,Emmett GEM ID ,43.8734978,-116.4993012,USA,,Weekly,Yes,Newspaper,English,1/8/2008,Full Text,0
"Morning News, The",Blackfoot,BINGHAM,ID,Blackfoot BINGHAM ID ,43.1904709,-112.3449773,USA,,Daily,Yes,Newspaper,English,9/1/2008,Full Text,1
"Moscow-Pullman Daily News, The",Moscow,LATAH,ID,Moscow LATAH ID ,46.7323875,-117.0001651,USA,,Weekly,Yes,Newspaper: Image Edition,English,1/1/2019,Full Text,13
"Moscow-Pullman Daily News, The",Moscow,LATAH,ID,Moscow LATAH ID ,46.7323875,-117.0001651,USA,,Weekly,Yes,Newspaper,English,1/1/1998,Full Text,6
NBC - 7 KTVB,Boise,Ada,ID,Boise Ada ID ,43.6150186,-116.2023137,USA,,Daily,Yes,Web-Only Source,English,8/12/2009,Full Text,3
"News-Examiner, The",Montpelier,Bear Lake,ID,Montpelier Bear Lake ID ,42.3221498,-111.2977044,USA,,Weekly,Yes,Newspaper,English,11/11/2009,Full Text,0
North Idaho Business Journal,Coeur d'Alene,Kootenai,ID,Coeur d'Alene Kootenai ID ,47.6734632,-116.7812225,USA,,Monthly,Yes,Magazine,English,10/20/2018,Full Text,0
"Pathfinder, The: Lewis-Clark State College",Lewiston,Nez Perce,ID,Lewiston Nez Perce ID ,46.4040971,-117.0019991,USA,,Monthly,No,College/University Newspaper,English,8/28/2018,Full Text,0
Post Register,Idaho Falls,BONNEVILLE,ID,Idaho Falls BONNEVILLE ID ,43.4926602,-112.0407506,USA,,Daily,Yes,Newspaper: Image Edition,English,1/1/2019,Full Text,0
Post Register,Idaho Falls,BONNEVILLE,ID,Idaho Falls BONNEVILLE ID ,43.4926602,-112.0407506,USA,,Daily,Yes,Newspaper,English,1/1/1992,Full Text,4
"Preston Citizen, The",Preston,FRANKLIN,ID,Preston FRANKLIN ID ,42.0963133,-111.8766173,USA,,Weekly,Yes,Newspaper,English,8/9/2011,Full Text,0
Priest River Times,Priest River,Bonner,ID,Priest River Bonner ID ,48.1807415,-116.909365,USA,,Weekly,Yes,Newspaper,English,5/25/2006,Full Text,0
Scroll: Brigham Young University - Idaho,Rexburg,Madison,ID,Rexburg Madison ID ,43.8231096,-111.7924237,USA,,Weekly,No,College/University Newspaper,English,4/5/2013,Full Text,0
"Shelley Pioneer, The",Shelley,Bingham,ID,Shelley Bingham ID ,43.3813038,-112.1233056,USA,,Weekly,Yes,Newspaper,English,8/29/2012,Full Text,0
Shoshone News-Press,Kellogg,SHOSHONE,ID,Kellogg SHOSHONE ID ,47.5382565,-116.1193327,USA,,Weekly,Yes,Newspaper,English,3/30/2007,Full Text,0
Standard-Journal,Rexburg,MADISON,ID,Rexburg MADISON ID ,43.8231096,-111.7924237,USA,,Weekly,Yes,Newspaper,English,12/18/2014,Full Text,0
"Star-News, The",McCall,Valley,ID,McCall Valley ID ,44.906183,-116.1171311,USA,,Weekly,Yes,Newspaper,English,10/20/2022,Full Text,0
Teton Valley News,Driggs,TETON,ID,Driggs TETON ID ,43.7231216,-111.1110708,USA,,Weekly,Yes,Newspaper,English,11/15/2018,Full Text,0
"Times-News, The",Twin Falls,Twin Falls,ID,Twin Falls Twin Falls ID ,42.5558381,-114.4700518,USA,,Daily,No,Newspaper: Image Edition,English,5/1/2025,Full Text,0
"Times-News, The",Twin Falls,Twin Falls,ID,Twin Falls Twin Falls ID ,42.5558381,-114.4700518,USA,,Daily,No,Newspaper,English,6/9/1999,Full Text,1
Twin Falls Examiner,Twin Falls,Twin Falls,ID,Twin Falls Twin Falls ID ,42.5558381,-114.4700518,USA,,Bi-Weekly,Yes,Web-Only Source,English,06/17/2009,Full Text,0